--liquibase formatted sql

--changeset liquibase-docs:insert-data


INSERT INTO accounts (id, first_name, last_name) VALUES
('550e8400-e29b-41d4-a716-446655440000', 'John', 'Doe'),
('550e8400-e29b-41d4-a716-446655440001', 'Jane', 'Smith'),
('550e8400-e29b-41d4-a716-446655440002', 'Alice', 'Johnson'),
('550e8400-e29b-41d4-a716-446655440003', 'Bob', 'Brown'),
('550e8400-e29b-41d4-a716-446655440004', 'Charlie', 'Davis'),
('550e8400-e29b-41d4-a716-446655440005', 'David', 'Wilson'),
('550e8400-e29b-41d4-a716-446655440006', 'Eva', 'Garcia'),
('550e8400-e29b-41d4-a716-446655440007', 'Fiona', 'Martinez'),
('550e8400-e29b-41d4-a716-446655440008', 'George', 'Rodriguez'),
('550e8400-e29b-41d4-a716-446655440009', 'Hannah', 'Harris'),
('550e8400-e29b-41d4-a716-446655440010', 'Ian', 'Clark'),
('550e8400-e29b-41d4-a716-446655440011', 'Julia', 'Lewis'),
('550e8400-e29b-41d4-a716-446655440012', 'Kevin', 'Walker'),
('550e8400-e29b-41d4-a716-446655440013', 'Laura', 'Hall'),
('550e8400-e29b-41d4-a716-446655440014', 'Michael', 'Allen'),
('550e8400-e29b-41d4-a716-446655440015', 'Nina', 'Young'),
('550e8400-e29b-41d4-a716-446655440016', 'Oliver', 'King'),
('550e8400-e29b-41d4-a716-446655440017', 'Paul', 'Wright'),
('550e8400-e29b-41d4-a716-446655440018', 'Quinn', 'Scott'),
('550e8400-e29b-41d4-a716-446655440019', 'Rita', 'Torres');


INSERT INTO user_roles (user_id, roles) VALUES
('550e8400-e29b-41d4-a716-446655440000', 'ADMIN'),
('550e8400-e29b-41d4-a716-446655440001', 'USER'),
('550e8400-e29b-41d4-a716-446655440002', 'MODERATOR'),
('550e8400-e29b-41d4-a716-446655440003', 'USER'),
('550e8400-e29b-41d4-a716-446655440004', 'ADMIN'),
('550e8400-e29b-41d4-a716-446655440005', 'MODERATOR'),
('550e8400-e29b-41d4-a716-446655440006', 'USER'),
('550e8400-e29b-41d4-a716-446655440007', 'ADMIN'),
('550e8400-e29b-41d4-a716-446655440008', 'MODERATOR'),
('550e8400-e29b-41d4-a716-446655440009', 'USER'),
('550e8400-e29b-41d4-a716-446655440010', 'ADMIN'),
('550e8400-e29b-41d4-a716-446655440011', 'USER'),
('550e8400-e29b-41d4-a716-446655440012', 'MODERATOR'),
('550e8400-e29b-41d4-a716-446655440013', 'USER'),
('550e8400-e29b-41d4-a716-446655440014', 'ADMIN'),
('550e8400-e29b-41d4-a716-446655440015', 'MODERATOR'),
('550e8400-e29b-41d4-a716-446655440016', 'USER'),
('550e8400-e29b-41d4-a716-446655440017', 'ADMIN'),
('550e8400-e29b-41d4-a716-446655440018', 'USER'),
('550e8400-e29b-41d4-a716-446655440019', 'MODERATOR');


INSERT INTO dialogs (unread_count, conversation_partner_id) VALUES
(5, '550e8400-e29b-41d4-a716-446655440000'),
(3, '550e8400-e29b-41d4-a716-446655440001'),
(0, '550e8400-e29b-41d4-a716-446655440002'),
(7, '550e8400-e29b-41d4-a716-446655440003'),
(2, '550e8400-e29b-41d4-a716-446655440004'),
(4, '550e8400-e29b-41d4-a716-446655440005'),
(6, '550e8400-e29b-41d4-a716-446655440006'),
(1, '550e8400-e29b-41d4-a716-446655440007'),
(5, '550e8400-e29b-41d4-a716-446655440008'),
(3, '550e8400-e29b-41d4-a716-446655440009'),
(0, '550e8400-e29b-41d4-a716-446655440010'),
(7, '550e8400-e29b-41d4-a716-446655440011'),
(2, '550e8400-e29b-41d4-a716-446655440012'),
(4, '550e8400-e29b-41d4-a716-446655440013'),
(6, '550e8400-e29b-41d4-a716-446655440014'),
(1, '550e8400-e29b-41d4-a716-446655440015'),
(5, '550e8400-e29b-41d4-a716-446655440016'),
(3, '550e8400-e29b-41d4-a716-446655440017'),
(0, '550e8400-e29b-41d4-a716-446655440018'),
(7, '550e8400-e29b-41d4-a716-446655440019');


INSERT INTO messages (time, author_id, recipient_id, message_text, status, dialog_id) VALUES
(1625097600, '550e8400-e29b-41d4-a716-446655440000', '550e8400-e29b-41d4-a716-446655440001', 'Hello, Jane!', 'SENT', 1),
(1625097601, '550e8400-e29b-41d4-a716-446655440001', '550e8400-e29b-41d4-a716-446655440000', 'Hi, John!', 'DELIVERED', 1),
(1625097602, '550e8400-e29b-41d4-a716-446655440002', '550e8400-e29b-41d4-a716-446655440000', 'Good morning!', 'READ', 2),
(1625097603, '550e8400-e29b-41d4-a716-446655440003', '550e8400-e29b-41d4-a716-446655440004', 'Meeting at 10 AM', 'SENT', 3),
(1625097604, '550e8400-e29b-41d4-a716-446655440004', '550e8400-e29b-41d4-a716-446655440003', 'Confirmed', 'READ', 3),
(1625097605, '550e8400-e29b-41d4-a716-446655440005', '550e8400-e29b-41d4-a716-446655440006', 'What is the agenda?', 'SENT', 4),
(1625097606, '550e8400-e29b-41d4-a716-446655440006', '550e8400-e29b-41d4-a716-446655440005', 'The agenda is...', 'DELIVERED', 4),
(1625097607, '550e8400-e29b-41d4-a716-446655440007', '550e8400-e29b-41d4-a716-446655440008', 'Can we reschedule?', 'READ', 5),
(1625097608, '550e8400-e29b-41d4-a716-446655440008', '550e8400-e29b-41d4-a716-446655440007', 'Sure, when?', 'SENT', 5),
(1625097609, '550e8400-e29b-41d4-a716-446655440009', '550e8400-e29b-41d4-a716-446655440010', 'Looking forward to it', 'DELIVERED', 6),
(1625097610, '550e8400-e29b-41d4-a716-446655440010', '550e8400-e29b-41d4-a716-446655440009', 'Me too', 'READ', 6),
(1625097611, '550e8400-e29b-41d4-a716-446655440011', '550e8400-e29b-41d4-a716-446655440012', 'Where are you?', 'SENT', 7),
(1625097612, '550e8400-e29b-41d4-a716-446655440012', '550e8400-e29b-41d4-a716-446655440011', 'On my way', 'DELIVERED', 7),
(1625097613, '550e8400-e29b-41d4-a716-446655440013', '550e8400-e29b-41d4-a716-446655440014', 'I will be late', 'READ', 8),
(1625097614, '550e8400-e29b-41d4-a716-446655440014', '550e8400-e29b-41d4-a716-446655440013', 'No worries', 'SENT', 8),
(1625097615, '550e8400-e29b-41d4-a716-446655440015', '550e8400-e29b-41d4-a716-446655440016', 'Hello!', 'DELIVERED', 9),
(1625097616, '550e8400-e29b-41d4-a716-446655440016', '550e8400-e29b-41d4-a716-446655440015', 'Hey!', 'READ', 9),
(1625097617, '550e8400-e29b-41d4-a716-446655440017', '550e8400-e29b-41d4-a716-446655440018', 'How are you?', 'SENT', 10),
(1625097618, '550e8400-e29b-41d4-a716-446655440018', '550e8400-e29b-41d4-a716-446655440017', 'I am good, thanks', 'DELIVERED', 10),
(1625097619, '550e8400-e29b-41d4-a716-446655440019', '550e8400-e29b-41d4-a716-446655440018', 'See you soon', 'READ', 11);